Topic,Negative_CountTopic,Z_Score
Topic 1,226,-0.48532405535691286
Topic 2,636,0.16114398459219145
Topic 3,1596,1.6748252488632651
Topic 4,171,-0.5720453777891098
Topic 5,40,-0.7785998003094334
